user_id,age,skin_type,brand,name,ingredients,rating,review_text,acne_type
1,25,oily,The Ordinary,Salicylic Acid 2% Solution,"Aqua (Water), Salicylic Acid, Propanediol, Hamamelis Virginiana Leaf Water, Butylene Glycol, Sodium Hydroxide, Zinc PCA, Tamarindus Indica Seed Gum, Polysorbate 20",4.5,This Salicylic Acid serum has significantly reduced my breakouts. Highly recommended!,inflammatory
2,25,oily,Paula's Choice,Clear Regular Strength Exfoliant,"Aqua, Methylpropanediol (hydration), Salicylic Acid (Beta Hydroxy Acid, exfoliant), Butylene Glycol (hydration), Camellia Oleifera Leaf Extract (skin-soothing/antioxidant)",4.2,I've been using this exfoliant and it has helped in reducing my acne. Love it!,comedonal
3,30,combination,COSRX,Acne Pimple Master Patch,"Cellulose Gum, Styrene Isoprene Styrene Block Copolymer, Polyisobutylene, Petroleum Resin, Polyurethane Film, Liquid Paraffin, Tetrakis Methane",4.8,These pimple patches are amazing! They help in reducing the size of my breakouts overnight.,cystic
4,30,combination,La Roche-Posay,Effaclar Duo+,"Aqua/Water, Glycerin, Dimethicone, Isocetyl Stearate, Niacinamide, Isopropyl Lauroyl Sarcosinate, Silica, Ammonium Polyacryloyldimethyl Taurate",4.7,This Effaclar Duo+ has worked wonders for my skin. It has helped in clearing my acne and reducing redness.,nodular
5,20,dry,CeraVe,Renewing SA Cleanser,"Aqua/Water, Cocamidopropyl Hydroxysultaine, Glycerin, Sodium Lauroyl Sarcosinate, Niacinamide, Gluconolactone, Sodium Methyl Cocoyl Taurate",4.2,"I've been using this SA cleanser for a while now, and it has improved the texture of my skin and reduced acne.",inflammatory
6,20,dry,Neutrogena,Rapid Clear Stubborn Acne Cleanser,Benzoyl Peroxide (10%),4,This acne cleanser is effective in treating stubborn acne. It has reduced my breakouts significantly.,comedonal
7,35,sensitive,Mario Badescu,Buffering Lotion,"Isopropyl Alcohol, Propylene Glycol, Zinc Oxide, Hydrolyzed Serum Protein, Niacinamide, Panthenol, Thiamine, Biotin, Hydrolyzed Yeast Protein, Allantoin",4.3,The Buffering Lotion is a great spot treatment for my acne. It reduces redness and helps in healing.,cystic
8,35,sensitive,Murad,Rapid Relief Spot Treatment,"Salicylic Acid (2.0%), Water, Alcohol Denat., Hamamelis Virginiana (Witch Hazel) Water, Propanediol, Pentylene Glycol, Glycerin, Butylene Glycol, Carbomer",4.6,I rely on this spot treatment to quickly eliminate my acne. It works like magic!,nodular
9,28,combination,Sunday Riley,U.F.O. Ultra-Clarifying Face Oil,"Silybum Marianum Seed Oil, Nigella Sativa Seed Oil, Cucumis Sativus (Cucumber) Seed Oil, Diisopropyl Sebacate, Punica Granatum Seed Oil, Salicylic Acid, Hippophae Rhamnoides Oil",4.4,The U.F.O. face oil has helped in controlling my acne and improving my skin texture. Highly recommended!,inflammatory
10,32,dry,Drunk Elephant,Framboos Glycolic Resurfacing Night Serum,"Water, Glycolic Acid, Salicylic Acid, Tartaric Acid, Citric Acid, Lactic Acid, Sodium Hyaluronate Crosspolymer, Dipotassium Glycyrrhizate, Xanthan Gum, Butylene Glycol",4.6,I love how this night serum exfoliates my skin and keeps my acne under control. It's a game-changer!,comedonal
11,23,oily,Glossier,Solution Exfoliating Skin Perfector,"Aqua/Water/Eau, Lactic Acid, Glycolic Acid, Glycerin, Sodium Hydroxide, Propanediol, Gluconolactone, Sodium Hyaluronate, Niacinamide, Allantoin, Aloe Barbadensis Leaf Juice, Salicylic Acid",4.2,The Solution exfoliator has improved my skin's texture and reduced acne. It's gentle yet effective!,cystic
12,29,sensitive,Kate Somerville,EradiKate Acne Treatment,"Isopropyl Alcohol, Water/Aqua/Eau, Zinc Oxide, Salicylic Acid, Camphor, Magnesium Aluminum Silicate, Iron Oxides (CI 77491, CI 77492, CI 77499)",4.3,The EradiKate treatment is a holy grail for spot treatments. It reduces my acne overnight. Highly recommend!,nodular
13,31,combination,Differin,Adapalene Gel 0.1% Acne Treatment,"Adapalene 0.1%, Carbomer 940, Edetate Disodium, Methylparaben, Poloxamer 182, Propylene Glycol, Sodium Hydroxide, Purified Water",4,Differin gel has been a game-changer in treating my acne. It's gentle and effective. Love it!,inflammatory
14,27,dry,Tata Harper,Clarifying Mask,"Aloe Barbadensis Leaf Juice, Salicylic Acid, Squalane, Methylheptyl Isostearate, Lactobacillus Ferment, Lactobacillus/Punica Granatum Fruit Ferment Extract, Leuconostoc Ferment Filtrate",4.5,This clarifying mask has improved my acne-prone skin. It's soothing and helps in reducing breakouts.,comedonal
15,33,oily,Origins,Super Spot Remover Blemish Treatment,"Alcohol Denat., Water, Acrylates/C10-30 Alkyl Acrylate Crosspolymer, Hamamelis Virginiana (Witch Hazel) Extract, Eugenia Caryophyllus (Clove) Bud Oil, Salicylic Acid, Cucumis Sativus (Cucumber) Fruit Extract",4.1,The Super Spot Remover is my go-to for targeting acne spots. It helps in reducing redness and inflammation.,cystic
16,26,sensitive,First Aid Beauty,Acne Clearing Charcoal Cleanser,"Water/Aqua/Eau, Sodium Lauroyl Sarcosinate, Cocamidopropyl Betaine, Glycerin, Charcoal Powder, Xanthan Gum, Sodium Chloride, Zinc PCA, Sodium Hydroxide, Sodium Phytate",4.7,I've had great results with this charcoal cleanser. It keeps my acne at bay without stripping my skin. Love it!,nodular
17,24,combination,COSRX,BHA Blackhead Power Liquid,"Salix Alba (Willow) Bark Water, Butylene Glycol, Betaine Salicylate, Niacinamide, 1,2-Hexanediol, Arginine, Panthenol, Sodium Hyaluronate, Xanthan Gum, Ethyl Hexanediol",4.5,The BHA Power Liquid has helped in reducing blackheads and keeping my skin clear. Love it!,inflammatory
18,29,oily,Neutrogena,Oil-Free Acne Wash,"Salicylic Acid (2%), Water, Sodium C14-16 Olefin Sulfonate, Cocamidopropyl Betaine, Sodium Hydrolyzed Potato Starch Dodecenylsuccinate, Linoleamidopropyl PG-Dimonium Chloride Phosphate",4.2,"I've been using this Neutrogena face wash for years, and it never fails to keep my acne in check. Highly recommend!",comedonal
19,27,dry,La Roche-Posay,Effaclar Purifying Foaming Gel Cleanser,"Water, Sodium Laureth Sulfate, PEG-8, Coco-Betaine, Hexylene Glycol, Sodium Chloride, PEG-120 Methyl Glucose Dioleate, Zinc PCA, Sodium Hydroxide",4.7,The Effaclar Foaming Gel Cleanser is gentle yet effective in cleansing my skin and preventing breakouts. Love it!,cystic
20,32,combination,Mario Badescu,Drying Lotion,"Isopropyl Alcohol, Aqua (Water, Eau), Calamine, Camphor, Sulfur, Zinc Oxide, Talc, Glycerin, Salicylic Acid",4.4,The Drying Lotion is a cult-favorite for a reason. It helps in shrinking my acne overnight. Highly recommended!,nodular
21,26,sensitive,The Inkey List,Beta Hydroxy Acid (BHA),"Aqua (Water/ Eau), Propanediol, Betaine Salicylate, Phenoxyethanol, Sodium Hydroxide, Ethylhexylglycerin",4.3,The Beta Hydroxy Acid is gentle yet effective in exfoliating my skin and reducing acne. Love it!,inflammatory
22,31,oily,Paula's Choice,Skin Perfecting 2% BHA Liquid Exfoliant,"Aqua, Methylpropanediol, Butylene Glycol, Salicylic Acid, Polysorbate 20, Camellia Oleifera Leaf Extract, Sodium Hydroxide, Tetrasodium EDTA",4.2,The 2% BHA Liquid Exfoliant has been a game-changer for my oily skin. It keeps my pores clear and acne at bay.,comedonal
23,30,combination,CeraVe,SA Smoothing Cream,"Aqua/Water, Urea, Cetyl Alcohol, Glycerin, Stearyl Alcohol, Niacinamide, Butyrospermum Parkii Butter, Caprylic/Capric Triglyceride, Glyceryl Stearate, PEG-100 Stearate",4.6,"I use this SA Smoothing Cream daily, and it has significantly improved the texture of my skin and reduced acne.",cystic
24,28,dry,Dr. Jart+,Cicapair Tiger Grass Color Correcting Treatment,"Centella Asiatica Extract, Glycerin, Niacinamide, Hydrogenated Polyisobutene, Caprylic/Capric Triglyceride, Pentylene Glycol, Argania Spinosa Kernel Oil, Diisostearyl Malate",4.1,The Cicapair Tiger Grass Treatment is a lifesaver for my dry skin and acne redness. It provides great coverage!,nodular
25,25,sensitive,Avene,Cleanance Cleansing Gel,"Avene Thermal Spring Water, Water, Sodium Lauroyl Methyl Isethionate, Zinc Coceth Sulfate, Polysorbate 20, Sodium Cocoamphoacetate, Ceteareth-60 Myristyl Glycol",4.4,"This Cleanance Cleansing Gel is so gentle on my sensitive skin, yet it effectively cleanses and prevents acne. Love it!",inflammatory
26,33,combination,Benton,Snail Bee High Content Essence,"Aqua (Water), Snail Secretion Filtrate, Butylene Glycol, Glycerin, Niacinamide, 1,2-Hexanediol, Aloe Barbadensis Leaf Juice, Sh-Oligopeptide-1, Bee Venom",4.3,The Snail Bee Essence has done wonders for my skin. It hydrates and improves my acne-prone skin. Highly recommended!,comedonal
27,29,oily,The Body Shop,Tea Tree Skin Clearing Facial Wash,"Aqua/Water/Eau, Glycerin, Sodium Laureth Sulfate, Cocamidopropyl Betaine, PEG-120 Methyl Glucose Dioleate, PEG-40 Hydrogenated Castor Oil, Sodium Chloride",4.5,I've been using this Tea Tree Facial Wash to control my oily skin and acne. It works like a charm!,cystic
28,34,dry,Kate Somerville,Goat Milk Moisturizing Cream,"Water/Aqua/Eau, Ethylhexyl Palmitate, Glycerin, Caprylic/Capric Triglyceride, Cetyl Alcohol, Stearyl Alcohol, Isopropyl Myristate, Polyglyceryl-2 Stearate",4,The Goat Milk Moisturizing Cream has deeply hydrated my dry skin and reduced acne. Love it!,nodular
29,27,sensitive,The Ordinary,Niacinamide 10% + Zinc 1%,"Aqua (Water), Niacinamide, Pentylene Glycol, Zinc PCA, Tamarindus Indica Seed Gum, Xanthan Gum, Isoceteth-20, Ethoxydiglycol, Phenoxyethanol, Chlorphenesin",4.7,I can't recommend this Niacinamide serum enough! It has helped in reducing my acne and controlling oiliness.,inflammatory
30,32,combination,Glossier,Priming Moisturizer Balance,"Aqua/Water/Eau, Methyl Trimethicone, Propanediol, Coco-Caprylate/Caprate, Glycerin, Isododecane, Tridecyl Trimellitate, Polymethyl Methacrylate, Cetyl PEG/PPG-10/1 Dimethicone, Sodium Chloride",4.2,The Priming Moisturizer Balance is lightweight and helps in controlling shine without causing breakouts. Love it!,comedonal
31,28,dry,First Aid Beauty,Skin Rescue AcRescue Acne Clearing Pads,"Water, Butylene Glycol, Glycerin, Salix Alba (Willow) Bark Extract, Glycolic Acid, Camellia Sinensis Leaf Extract, Chrysanthemum Parthenium (Feverfew) Extract",4.5,These acne clearing pads have been a game-changer for my acne-prone skin. They keep my skin clear and prevent breakouts.,cystic
32,25,oily,Murad,Oil Control Mattifier SPF 45,"Active Ingredients: Avobenzone 2.0%, Homosalate 6.5%, Octinoxate 7.5%, Octisalate 5.0%, Oxybenzone 4.0%",4.4,The Oil Control Mattifier with SPF is a must-have for oily skin. It controls shine and provides sun protection without clogging pores.,nodular
33,31,sensitive,Krave Beauty,Matcha Hemp Hydrating Cleanser,"Camellia Sinensis Leaf Water, Water, Glycerin, Coco-Betaine, Methyl Gluceth-10, Ethoxydiglycol, Dipropylene Glycol, Methylpropanediol, Sodium Chloride",4.3,I adore this Matcha Hemp Cleanser! It cleanses my skin without stripping moisture. It's perfect for sensitive and acne-prone skin.,inflammatory
34,27,combination,COSRX,Centella Blemish Cream,"Centella Asiatica Leaf Water, Butylene Glycol, Glycerin, Helianthus Annuus (Sunflower) Seed Oil, Zinc Oxide, Dimethicone, Betaine, 1,2-Hexanediol",4.6,The Centella Blemish Cream has been my go-to for reducing redness and healing acne. It's a fantastic spot treatment!,comedonal
35,33,oily,Dermalogica,Clearing Skin Wash,"Water/Aqua/Eau, Cocamidopropyl Betaine, Sodium Lauroyl Methyl Isethionate, Acrylates/Beheneth-25 Methacrylate Copolymer, Polysorbate-20, Melaleuca Alternifolia (Tea Tree) Leaf Oil, Citrus Limon (Lemon) Peel Oil, Lavandula Angustifolia (Lavender) Oil",4.2,The Clearing Skin Wash has helped in controlling my oily skin and reducing acne. Highly recommend!,cystic
36,29,dry,Innisfree,Jeju Volcanic Pore Cleansing Foam,"Water, Glycerin, Stearic Acid, Myristic Acid, PEG-32, Butylene Glycol, Potassium Hydroxide, Lauric Acid, Lauryl Glucoside, Volcanic Ash, Camellia Sinensis Leaf Extract, Citrus Unshiu Peel Extract",4.1,This Volcanic Pore Cleansing Foam leaves my skin feeling clean and fresh. It's great for acne-prone skin!,nodular
37,28,sensitive,Youth To The People,Superfood Antioxidant Cleanser,"Water/Aqua/Eau, Sodium Cocoyl Glutamate, Cocamidopropyl Betaine, Panthenol (Vitamin B5), Tocopheryl Acetate (Vitamin E), Ascorbic Acid (Vitamin C), Brassica Oleracea (Kale) Leaf Extract, Spinacia Oleracea (Spinach) Leaf Extract, Camellia Sinensis (Green Tea) Leaf Extract",4.4,The Superfood Antioxidant Cleanser is gentle yet effective in cleansing and reducing acne. Love it!,inflammatory
38,32,combination,Tatcha,The Water Cream,"Aqua/Water/Eau, Saccharomyces/Camellia Sinensis Leaf/Cladosiphon Okamuranus/Rice Ferment Filtrate*, Dimethicone, Propanediol, Glycerin, Diglycerin, Diphenylsiloxy Phenyl Trimethicone, Gold, Belamcanda Chinensis Root Extract, Rosa Multiflora Fruit Extract, Houttuynia Cordata Extract, Sophora Angustifolia Root Extract, Sodium Hyaluronate, Lecithin, Pistacia Lentiscus (Mastic) Gum, Sodium Chloride, Tocopherol, Calcium Chloride, Magnesium Chloride, Pyrus Malus (Apple) Fruit Extract, Sodium Lactate, Sodium Pca, Serine, Glycine, Glutamic Acid, Alanine, Lysine, Arginine, Threonine, Proline, Betaine, Butylene Glycol, Isohexadecane, Ammonium Acryloyldimethyltaurate/Vp Copolymer, Octyldodecyl Oleate, Octyldodecyl Stearoyl Stearate, Polymethylsilsesquioxane, Polysorbate 20, Polysorbate 60, Benzyl Alcohol, Dehydroacetic Acid, Sodium Benzoate, Potassium Sorbate, Fragrance (Parfum), Alcohol, Phenoxyethanol, Mica (Ci 77019), Titanium Dioxide (Ci 77891)",4.7,The Water Cream is luxurious and hydrating without causing breakouts. It's perfect for combination skin!,comedonal
39,26,oily,Hada Labo,Gokujyun Hyaluronic Acid Lotion,"Water, Butylene Glycol, Glycerin, Disodium Succinate, Hydrolyzed Hyaluronic Acid, Hydroxyethylcellulose, Methylparaben, PPG-10 Methyl Glucose Ether, Sodium Acetylated Hyaluronate, Sodium Hyaluronate, Succinic Acid",4,The Gokujyun Hyaluronic Acid Lotion is lightweight and keeps my skin hydrated without clogging pores. Love it!,nodular
41,30,combination,The Body Shop,Tea Tree Oil,"Aqua/Water/Eau, Alcohol Denat., Polysorbate 60, Melaleuca Alternifolia Leaf Oil/Melaleuca Alternifolia (Tea Tree) Leaf Oil, Limonene, Calophyllum Inophyllum Seed Oil, Citral, Citronellol, Leptospermum Petersonii Oil, Tocopherol",4.3,The Tea Tree Oil is my go-to spot treatment for acne. It effectively reduces inflammation and helps in clearing breakouts.,comedonal
42,28,dry,Peter Thomas Roth,Water Drench Hyaluronic Cloud Cream,"Water/Aqua/Eau, Glycerin, Dipropylene Glycol, Dimethicone, Cyclopentasiloxane, Cyclohexasiloxane, Yeast Extract, Sodium Hyaluronate, Ceramide EOP, Ceramide EOS, Ceramide AP, Ceramide NP, Ceramide NS",4.5,The Hyaluronic Cloud Cream is so hydrating and lightweight. It keeps my dry skin plump and nourished. Love it!,cystic
43,26,sensitive,Belif,True Cream Moisturizing Bomb,"Water, Glycerin, Cyclohexasiloxane, Hydrogenated Polydecene, Dipropylene Glycol, Macadamia Ternifolia Seed Oil, 1,2-Hexanediol, Bis-PEG-18 Methyl Ether Dimethyl Silane",4.4,The True Cream Moisturizing Bomb is my holy grail moisturizer. It deeply hydrates my sensitive skin without causing breakouts.,nodular
44,29,sensitive,The Ordinary,Azelaic Acid Suspension 10%,"Aqua (Water), Isodecyl Neopentanoate, Dimethicone, Azelaic Acid, Dimethicone/Bis-Isobutyl PPG-20 Crosspolymer, Dimethyl Isosorbide, Hydroxyethyl Acrylate/Sodium Acryloyldimethyl Taurate Copolymer, Polysilicone-11, Isohexadecane, Tocopherol, Trisodium Ethylenediamine Disuccinate, Isoceteth-20, Polysorbate 60, Triethanolamine, Ethoxydiglycol, Phenoxyethanol, Chlorphenesin",4.3,The Azelaic Acid Suspension has been a game-changer for my sensitive skin. It has helped in reducing my acne and hyperpigmentation.,inflammatory
45,30,combination,Caudalie,Vinopure Natural Salicylic Acid Pore Minimizing Toner,"Aqua/Water/Eau, Rosa Damascena Flower Water*, Alcohol*, Vitis Vinifera (Grape) Fruit Water*, Caprylyl/Capryl Glucoside, Vitis Vinifera (Grape) Juice*, Salicylic Acid*, Cymbopogon Citratus Leaf Oil*, Lavandula Hybrida Oil*, Melissa Officinalis Leaf Oil*, Mentha Piperita (Peppermint) Oil*, Pelargonium Graveolens Flower Oil*, Rosmarinus Officinalis (Rosemary) Leaf Oil*, Potassium Sorbate, Sodium Benzoate, Sodium Phytate, Arginine, Citric Acid, Citral, Citronellol, Geraniol, Linalool",4.6,The Vinopure Toner with Salicylic Acid has improved the appearance of my pores and helped in controlling acne. Love it!,comedonal
46,27,oily,Paula's Choice,2% BHA Liquid Exfoliant,"Water (Aqua), Methylpropanediol (hydration), Butylene Glycol (hydration), Salicylic Acid (beta hydroxy acid/exfoliant), Polysorbate 20 (stabilizer), Camellia Oleifera Leaf Extract (skin-soothing/antioxidant), Sodium Hydroxide (pH balancer), Tetrasodium EDTA (stabilizer)",4.5,The 2% BHA Liquid Exfoliant is a holy grail product for my oily skin. It keeps my skin clear and smooth. Highly recommend!,cystic
47,26,dry,Laneige,Water Sleeping Mask,"Water, Butylene Glycol, Cyclopentasiloxane, Glycerin, Cyclohexasiloxane, Trehalose, Sodium Hyaluronate, Oenothera Biennis (Evening Primrose) Root Extract, Prunus Armeniaca (Apricot) Fruit Extract, Beta-Glucan, Chenopodium Quinoa Seed Extract, Ascorbyl Glucoside, Magnesium Sulfate, Zinc Sulfate, Manganese Sulfate, Calcium Chloride, Potassium Alginate, Ammonium Acryloyldimethyltaurate/VP Copolymer, Polysorbate 20, Dimethicone, Dimethiconol, Dimethicone/Vinyl Dimethicone Crosspolymer, Propanediol, Ethylhexylglycerin, Stearyl Behenate, Polyglyceryl-3 Methylglucose Distearate, HYDROXYPROPYL BISPALMITAMIDE MEA (CERAMIDE AP), INULIN LAURYL CARBAMATE, ALCOHOL, 1,2-HEXANEDIOL, CAPRYLYL GLYCOL, CARBOMER, TROMETHAMINE, DISODIUM EDTA, PHENOXYETHANOL, FRAGRANCE, BLUE 1 (CI 42090)",4.4,"The Water Sleeping Mask is a must-have for my dry skin. It deeply hydrates and nourishes overnight, leaving my skin plump and refreshed.",nodular
48,31,sensitive,Kiehl's,Midnight Recovery Concentrate,"Caprylic/Capric Triglyceride, Dicaprylyl Carbonate, Squalane, Rosa Canina Fruit Oil, Oenothera Biennis Oil/Evening Primrose Oil, Simmondsia Chinensis Oil/Jojoba Seed Oil, Coriandrum Sativum Oil/Coriander Seed Oil",4.3,The Midnight Recovery Concentrate is a luxurious oil that has improved my skin's texture and reduced acne. Love it!,inflammatory
49,29,oily,The Inkey List,Caffeine Eye Cream,"Water, Glycerin, Butylene Glycol, Sodium Hyaluronate, Caffeine, Glycyrrhiza Glabra (Licorice) Root Extract, Rubus Idaeus (Raspberry) Fruit Extract, Hydrolyzed Rice Protein, Palmitoyl Tripeptide-1",4.2,The Caffeine Eye Cream is a holy grail for reducing puffiness and dark circles. It's lightweight and non-greasy.,comedonal
50,33,combination,Clinique,Dramatically Different Moisturizing Gel,"Water, Dimethicone, Isododecane, Butylene Glycol, Bis-PEG-18 Methyl Ether Dimethyl Silane, Glycerin, Laminaria Saccharina Extract, Polygonum Cuspidatum Root Extract",4.7,The Dramatically Different Moisturizing Gel is my go-to for balancing hydration on my combination skin. It's lightweight and non-greasy.,cystic
51,28,dry,Biossance,Squalane + Omega Repair Cream,"Water/Aqua/Eau, Glycerin, Squalane, Caprylic/Capric Triglyceride, Shea Butter Ethyl Esters, Jojoba Esters, Sodium Acrylates Copolymer, Lecithin, Panthenol, Sodium PCA",4.1,The Squalane + Omega Repair Cream is incredibly hydrating and nourishing for my dry skin. It has improved my skin's texture and reduced acne.,nodular
52,27,sensitive,Youth To The People,Kale + Green Tea Spinach Vitamins Superfood Cleanser,"Water/Aqua/Eau, Sodium Cocoyl Glutamate, Cocamidopropyl Betaine, Panthenol (Vitamin B5), Tocopheryl Acetate (Vitamin E), Ascorbic Acid (Vitamin C), Brassica Oleracea (Kale) Leaf Extract, Spinacia Oleracea (Spinach) Leaf Extract, Camellia Sinensis (Green Tea) Leaf Extract",4.6,The Superfood Cleanser is gentle yet effective in cleansing and reducing acne. It leaves my skin feeling refreshed and clean.,inflammatory
53,32,combination,Benton,Aloe Propolis Soothing Gel,"Aloe Barbadensis Leaf Juice, Propolis Extract, Glycerin, Pentylene Glycol, Arginine, Allantoin, Chamomilla Recutita (Matricaria) Flower Extract",4,The Aloe Propolis Soothing Gel is great for calming my skin and reducing acne inflammation. It's lightweight and absorbs quickly.,comedonal
54,26,oily,La Roche-Posay,Effaclar Duo Dual Action Acne Treatment,"Aqua/Water, Isostearyl Alcohol, Glycerin, Pentylene Glycol, Silica, Carbomer, Capryloyl Salicylic Acid, Potassium Hydroxide, Tocopheryl Acetate, Acrylates/C10-30 Alkyl Acrylate Crosspolymer",4.4,The Effaclar Duo Acne Treatment has been a game-changer for my oily skin. It reduces acne and improves skin texture. Highly recommend!,cystic
55,34,dry,Dr. Jart+,Ceramidin Cream,"Water, Glycerin, Dipropylene Glycol, Cetearyl Alcohol, Caprylic/Capric Triglyceride, Hydrogenated Poly(C6-14 Olefin), Hydrogenated Polydecene, Methyl Trimethicone, Dipentaerythrityl Hexahydroxystearate",4.3,The Ceramidin Cream is incredibly hydrating and soothing for my dry skin. It has improved my skin's barrier and reduced acne.,nodular
56,28,sensitive,Cosrx,Advanced Snail 96 Mucin Power Essence,"Snail Secretion Filtrate, Betaine, Butylene Glycol, 1,2-Hexanediol, Sodium Polyacrylate, Phenoxyethanol, Sodium Hyaluronate, Allantoin, Ethyl Hexanediol, Carbomer, Panthenol, Arginine",4.2,The Snail 96 Mucin Power Essence is a holy grail for my sensitive skin. It hydrates and repairs without causing breakouts.,inflammatory
57,27,combination,Klairs,Freshly Juiced Vitamin Drop,"Water, Propylen Glycol, Ascorbic Acid, Hydroxyethylcellulose, Centella Asiatica Extract, Citrus Junos Fruit Extract, Illicium Verum(Anise) Fruit Extract, Citrus Paradisi(Grapefruit) Fruit Extract, Nelumbium Speciosum Flower Extract",4.6,The Freshly Juiced Vitamin Drop has brightened my skin and improved acne scars. It's gentle and effective.,comedonal
58,22,oily,The Ordinary,Niacinamide 10% + Zinc 1%,"Aqua (Water), Niacinamide, Zinc PCA, Sodium Hyaluronate, Tamarindus Indica Seed Gum",4.5,The Niacinamide serum has helped in reducing my acne and brightening my skin. Love it!,comedonal
59,29,dry,Laneige,Cream Skin Refiner,"Water, Butylene Glycol, Glycerin, Limnanthes Alba (Meadowfoam) Seed Oil, 1,2-Hexanediol",4.3,The Cream Skin Refiner is a hydrating toner that leaves my dry skin plump and radiant. Love it!,nodular
60,35,sensitive,Krave Beauty,Great Barrier Relief,"Water, Propanediol, Glycerin, Calophyllum Inophyllum Seed Oil, Dipropylene Glycol",4.6,The Great Barrier Relief has calmed my sensitive skin and reduced acne redness. Highly recommend!,cystic
61,26,combination,Glossier,Futuredew Oil Serum Hybrid,"Water/Aqua/Eau, Glycerin, Squalane, Jojoba Esters, Macadamia Integrifolia Seed Oil",4.2,The Futuredew serum has given my skin a beautiful glow and controlled my acne. Love it!,inflammatory
62,33,oily,Paula's Choice,10% Niacinamide Booster,"Water, Niacinamide, Acetyl Glucosamine, Ascorbyl Glucoside, Allantoin",4.7,The 10% Niacinamide Booster has improved my skin's texture and reduced acne. Highly recommend!,comedonal
63,27,dry,Drunk Elephant,Protini Polypeptide Cream,"Water, Dicaprylyl Carbonate, Glycerin, Cetearyl Alcohol, Palmitic Acid, Stearic Acid",4.5,The Protini Cream is deeply hydrating and has improved my skin's elasticity. Love it!,nodular
64,30,sensitive,Caudalie,Vinosource Moisturizing Sorbet,"Water, Vitis Vinifera (Grape) Water, Dicaprylyl Ether, Glycerin, Butylene Glycol",4.3,The Vinosource Sorbet is soothing and non-irritating for my sensitive skin. Highly recommend!,cystic
65,32,combination,COSRX,Hydrium Centella Aqua Soothing Ampoule,"Water, Centella Asiatica Extract, Dipropylene Glycol, Glycerin, Butylene Glycol",4.6,The Centella Ampoule has calmed my skin and reduced acne redness. It's a must-have!,inflammatory
66,28,oily,La Roche-Posay,Effaclar Mat Mattifying Moisturizer,"Water, Glycerin, Dimethicone, Isocetyl Stearate, Zinc Pca, Sodium Hydroxide",4.2,The Effaclar Mat Moisturizer controls shine and keeps my skin hydrated without clogging pores.,comedonal
67,34,dry,Tatcha,Dewy Skin Cream,"Water, Saccharomyces/Camellia Sinensis Leaf/Cladosiphon Okamuranus/Rice Ferment Filtrate",4.4,The Dewy Skin Cream is intensely hydrating and has improved my dry skin's texture. Love it!,nodular
68,26,sensitive,Krave Beauty,Oat So Simple Water Cream,"Water, Butylene Glycol, Caprylic/Capric Triglyceride, Squalane, Avena Sativa (Oat) Meal Extract",4.6,The Oat So Simple Cream is gentle and soothing for my sensitive skin. It's perfect for acne-prone skin.,cystic
69,33,combination,Glossier,Invisible Shield Daily Sunscreen SPF 35,"Water/Aqua/Eau, Glycerin, Butylene Glycol, Propanediol, Solanum Lycopersicum (Tomato) Fruit Extract",4.2,The Invisible Shield Sunscreen provides sun protection without causing breakouts. Love it!,inflammatory
70,29,oily,Paula's Choice,Skin Perfecting 8% AHA Gel Exfoliant,"Water, Glycolic Acid, Sodium Hydroxide, Chamomilla Recutita (Matricaria) Flower Extract, Green Tea Leaf Extract",4.7,The 8% AHA Gel Exfoliant has improved my skin's texture and reduced acne. Highly recommend!,comedonal
71,27,dry,Dr. Jart+,Ceramidin Liquid,"Water, Dipropylene Glycol, Alcohol, Betaine, Glyceryl Polyacrylate",4.5,The Ceramidin Liquid is hydrating and has improved my dry skin's barrier. Love it!,nodular
72,30,sensitive,Caudalie,Grape Water,"Vitis Vinifera (Grape) Fruit Water, Vitis Vinifera (Grape) Juice, Nitrogen",4.4,The Grape Water is refreshing and soothes my sensitive skin. Highly recommend!,cystic
73,32,combination,COSRX,Propolis Light Ampoule,"Propolis Extract, Butylene Glycol, Glycerin, Betaine, 1,2-Hexanediol",4.6,The Propolis Ampoule has improved my skin's hydration and reduced acne inflammation. Love it in the ratings of products,inflammatory
74,28,oily,La Roche-Posay,Effaclar Duo (+),"Aqua/Water, Glycerin, Dimethicone, Isocetyl Stearate, Niacinamide, Salicylic Acid",4.3,The Effaclar Duo (+) has helped control my oily skin and reduce acne. Highly recommend!,comedonal
75,34,dry,Tatcha,The Water Cream,"Water, Saccharide Isomerate, Sea Water, Lactic Acid, Glyceryl Stearate",4.5,"The Water Cream is lightweight and moisturizing, leaving my dry skin feeling refreshed. Love it!",nodular
76,26,sensitive,Krave Beauty,Beet the Sun SPF 47 PA++++,"Water, Butyloctyl Salicylate, Trisiloxane, Silica, Isododecane",4.6,"Beet the Sun is an excellent sunscreen for sensitive skin, providing protection without irritation.",cystic
77,33,combination,Glossier,Milky Jelly Cleanser,"Water/Aqua/Eau, Rosa Damascena Flower Water, Propanediol, Glycerin",4.4,"The Milky Jelly Cleanser is gentle, effective, and does not strip my skin. Highly recommend!",inflammatory
78,29,oily,Paula's Choice,Clear Oil-Free Moisturizer,"Water, Adipic Acid/Neopentyl Glycol Crosspolymer, Melaleuca Alternifolia (Tea Tree) Leaf Oil",4.2,The Clear Oil-Free Moisturizer is lightweight and keeps my oily skin hydrated. Love it!,comedonal
79,27,dry,Dr. Jart+,Cicapair Tiger Grass Calming Gel Cream,"Water, Propanediol, Glycerin, Niacinamide, Eryngium Maritimum Callus Culture Filtrate",4.7,"The Tiger Grass Calming Gel Cream has improved my dry, irritated skin and reduced redness. Love it!",nodular
80,30,sensitive,Caudalie,Vinopure Natural Salicylic Acid Pore Serum,"Water, Rosa Damascena Flower Water, Potassium Azeloyl Diglycinate, Salicylic Acid",4.3,The Vinopure Pore Serum has helped clear my sensitive skin and prevent acne. Highly recommend!,cystic
81,32,combination,COSRX,Advanced Snail 96 Mucin Power Essence,"Snail Secretion Filtrate, Betaine, Butylene Glycol, 1,2-Hexanediol",4.6,The Snail Mucin Essence is hydrating and has improved my skin texture. Love it!,inflammatory
82,28,oily,La Roche-Posay,Toleriane Purifying Foaming Cleanser,"Water, Glycerin, Coco-Betaine, Propanediol, Sodium Cocoyl Glycinate",4.4,The Toleriane Foaming Cleanser is effective at removing impurities without drying out my skin.,comedonal
83,34,dry,Tatcha,The Dewy Serum,"Water, Propanediol, Xylitol, Rosa Canina Fruit Extract, Squalane",4.6,The Dewy Serum has deeply hydrated my dry skin and improved its elasticity. Highly recommend!,nodular
84,26,sensitive,Krave Beauty,Matcha Hemp Hydrating Cleanser,"Water, Glycerin, Coco-Betaine, Propanediol, Camellia Sinensis Leaf Water",4.3,The Matcha Hemp Cleanser is gentle and soothing for my sensitive skin. Love it!,cystic
85,33,combination,Glossier,Solution Exfoliating Skin Perfector,"Water/Aqua/Eau, Glycolic Acid, Propanediol, Sodium Hydroxide, Salicylic Acid",4.7,The Solution Exfoliating Skin Perfector has improved my skin texture and reduced acne. Love it!,inflammatory
86,29,oily,Paula's Choice,Skin Balancing Pore-Reducing Toner,"Water, Butylene Glycol, PEG-8, Polysorbate 20, Camellia Oleifera Leaf Extract",4.5,The Skin Balancing Toner has helped reduce my oily skin and minimize pores. Highly recommend!,comedonal
87,27,dry,Dr. Jart+,Ceramidin Cream,"Water, Cetearyl Alcohol, Glycerin, Caprylic/Capric Triglyceride, Behentrimonium Methosulfate",4.3,"The Ceramidin Cream is rich and nourishing, providing intense hydration for my dry skin. Love it!",nodular
88,30,sensitive,Caudalie,Vinosource S.O.S. Deep Hydration Serum,"Water, Vitis Vinifera (Grape) Fruit Water, Glycerin, Squalane, Vinca Minor Extract",4.6,The Vinosource Serum has calmed my sensitive skin and boosted hydration. Highly recommend!,cystic
89,32,combination,COSRX,Low pH Good Morning Gel Cleanser,"Water, Cocamidopropyl Betaine, Sodium Lauroyl Methyl Isethionate, Polysorbate 20",4.4,The Low pH Gel Cleanser is gentle and leaves my skin feeling fresh and clean. Love it!,inflammatory
90,28,oily,La Roche-Posay,Effaclar Micro-Peeling Purifying Gel Wash,"Water, Sodium Laureth Sulfate, Glycerin, Acrylates Copolymer, Sodium Chloride",4.7,The Effaclar Gel Wash has improved my skin texture and reduced acne breakouts. Highly recommend!,comedonal
91,34,dry,Tatcha,The Rice Polish Foaming Enzyme Powder,"Oryza Sativa (Rice) Powder, Microcrystalline Cellulose, Potassium Myristate",4.5,"The Rice Polish Foaming Enzyme Powder has gently exfoliated my dry skin, leaving it smooth. Love it!",nodular
92,26,sensitive,Krave Beauty,Great Barrier Relief,"Water, Propanediol, Calophyllum Inophyllum Seed Oil, Dipropylene Glycol",4.7,The Great Barrier Relief has significantly improved my sensitive skin's health and resilience.,cystic
93,33,combination,Glossier,Futuredew Oil Serum Hybrid,"Water/Aqua/Eau, Squalane, Glycerin, Rosa Canina Fruit Extract, Tocopherol",4.3,"The Futuredew Oil Serum Hybrid gives my skin a beautiful, dewy glow without looking greasy. Love it!",inflammatory
94,29,oily,Paula's Choice,Clear Acne Body Spray,"Water, Propanediol, Salicylic Acid, Polysorbate 20, Camellia Oleifera Leaf Extract",4.5,The Clear Acne Body Spray has helped clear up and prevent acne on my body. Highly recommend!,comedonal
95,27,dry,Dr. Jart+,Cicapair Tiger Grass Calming Mist,"Water, Butylene Glycol, 1,2-Hexanediol, Centella Asiatica Extract, Betaine",4.2,"The Tiger Grass Calming Mist is refreshing and has helped soothe my dry, irritated skin. Love it!",nodular
96,30,sensitive,Caudalie,Vinoperfect Radiance Serum,"Water, Butylene Glycol, Glycerin, Squalane, Tocopherol",4.6,The Vinoperfect Radiance Serum has improved my skin tone and texture. Highly recommend!,cystic
97,32,combination,COSRX,Advanced Snail 92 All In One Cream,"Snail Secretion Filtrate, Betaine, Cetearyl Olivate, Sorbitan Olivate",4.3,The Snail All In One Cream is moisturizing and has not caused any breakouts. Love it!,inflammatory
98,28,oily,La Roche-Posay,Anthelios Melt-in Milk Sunscreen SPF 100,"Water, Homosalate, Ethylhexyl Salicylate, Styrene/Acrylates Copolymer, Octocrylene",4.7,The Anthelios Sunscreen SPF 100 provides excellent sun protection without being greasy. Love it!,comedonal
99,34,dry,Tatcha,The Silk Cream,"Water, Propanediol, Glycerin, Inositol, Camellia Japonica Seed Oil",4.5,"The Silk Cream is luxurious and deeply hydrating, leaving my dry skin feeling supple. Love it!",nodular
100,26,sensitive,Krave Beauty,Oat So Simple Water Cream,"Water, Butylene Glycol, Caprylic/Capric Triglyceride, Squalane, 1,2-Hexanediol",4.6,"The Oat So Simple Water Cream is gentle, yet effective, and has reduced my sensitivity. Love it!",cystic
101,33,combination,Glossier,Super Pure Niacinamide + Zinc Serum,"Water/Aqua/Eau, Niacinamide, Propanediol, Glycerin, Zinc PCA",4.3,The Super Pure Niacinamide + Zinc Serum has helped balance my combination skin and reduce redness.,inflammatory
102,29,oily,Paula's Choice,Pore Normalizing Cleanser,"Water, Sodium Lauroyl Sarcosinate, Acrylates/Steareth-20 Methacrylate Copolymer, Glycerin",4.4,The Pore Normalizing Cleanser has reduced excess oil on my skin and keeps it clear. Love it!,comedonal
103,27,dry,Dr. Jart+,Ceramidin Liquid,"Water, Glycerin, Dipropylene Glycol, Alcohol, Triethylhexanoin",4.6,"The Ceramidin Liquid is a great addition to my skincare routine, providing intense hydration.",nodular
104,30,sensitive,Caudalie,Micellar Cleansing Water,"Water, Glycerin, Poloxamer 188, Vitis Vinifera (Grape) Fruit Water, Capryl/Capramidopropyl Betaine",4.2,The Micellar Cleansing Water effectively removes makeup and impurities without irritation. Love it!,cystic
105,32,combination,COSRX,AHA/BHA Clarifying Treatment Toner,"Water, Salix Alba (Willow) Bark Water, Pyrus Malus (Apple) Fruit Water, Butylene Glycol",4.7,The AHA/BHA Clarifying Treatment Toner has improved my skin texture and reduced acne. Love it!,inflammatory
106,28,oily,Neutrogena,Oil-Free Acne Wash,"Salicylic Acid 2%, Water, Sodium C14-16 Olefin Sulfonate, Cocamidopropyl Betaine",4.4,The Neutrogena Acne Wash effectively cleanses my oily skin and helps prevent breakouts. Love it!,comedonal
107,34,dry,Laneige,Water Bank Moisture Cream,"Water, Glycerin, Butylene Glycol, Hydrogenated Poly(C6-14 Olefin), Dimethicone",4.6,"The Laneige Water Bank Moisture Cream has deeply hydrated my dry skin, leaving it plump and soft.",nodular
108,26,sensitive,Avene,Tolérance Extrême Emulsion,"Avene Thermal Spring Water, Squalane, Behenyl Alcohol, Caprylic/Capric Triglyceride",4.5,"The Avene Tolérance Extrême Emulsion is gentle and soothing, perfect for my sensitive skin. Love it!",cystic
109,33,combination,The Ordinary,Niacinamide 10% + Zinc 1%,"Aqua/Water, Niacinamide, Pentylene Glycol, Zinc PCA",4.3,The Ordinary Niacinamide + Zinc has improved my skin's texture and reduced the appearance of acne.,inflammatory
110,29,oily,CeraVe,Foaming Facial Cleanser,"Water, Glycerin, Cocamidopropyl Hydroxysultaine, Sodium Lauroyl Sarcosinate",4.6,The CeraVe Foaming Cleanser effectively removes excess oil and leaves my skin feeling fresh. Love it!,comedonal
111,27,dry,Drunk Elephant,Lala Retro™ Whipped Cream,"Water, Glycerin, Caprylic/Capric Triglyceride, Isopropyl Isostearate",4.4,The Drunk Elephant Lala Retro™ Whipped Cream has nourished my dry skin and reduced flakiness.,nodular
112,30,sensitive,First Aid Beauty,Ultra Repair Cream Intense Hydration,"Colloidal Oatmeal, Water, Stearic Acid, Glycerin, C12-15 Alkyl Benzoate",4.7,"The Ultra Repair Cream has been a lifesaver for my sensitive skin, providing much-needed hydration.",cystic
113,32,combination,Paula's Choice,2% BHA Liquid Exfoliant,"Water, Methylpropanediol, Butylene Glycol, Salicylic Acid, Camellia Oleifera Leaf Extract",4.3,The 2% BHA Liquid Exfoliant has helped clear my combination skin and minimize pores. Love it!,inflammatory
114,28,oily,La Mer,The Oil Absorbing Tonic,"Declustered Water (-)\Aqua\Eau De-Structuree (-), Alcohol Denat., Glycerin, Algae Extract",4.7,"La Mer's Oil Absorbing Tonic is a game-changer for my oily skin, keeping shine at bay all day.",comedonal
115,34,dry,Kiehl's,Ultra Facial Cream,"Water, Glycerin, Squalane, Caprylic/Capric Triglyceride, Sorbitan Oleate",4.5,"The Kiehl's Ultra Facial Cream is deeply moisturizing, making my dry skin soft and supple. Love it!",nodular
116,26,sensitive,La Roche-Posay,Toleriane Ultra Face Moisturizer,"Water, Isocetyl Stearate, Squalane, Butyrospermum Parkii Butter, Dimethicone",4.6,The Toleriane Ultra Face Moisturizer is gentle and has improved my sensitive skin's moisture levels.,cystic
117,33,combination,Bioderma,Sensibio H2O Micellar Water,"Water, PEG-6 Caprylic/Capric Glycerides, Cucumis Sativus (Cucumber) Fruit Extract",4.4,Bioderma's Sensibio H2O Micellar Water is effective at removing makeup and does not irritate my skin.,inflammatory
118,29,oily,COSRX,Oil-Free Ultra-Moisturizing Lotion,"Water, Propylene Glycol, Glycerin, Betaine, Butylene Glycol",4.3,The COSRX Oil-Free Ultra-Moisturizing Lotion is lightweight and keeps my oily skin hydrated. Love it!,comedonal
119,27,dry,The Inkey List,Hyaluronic Acid,"Water, Glycerin, Sodium Hyaluronate, Butylene Glycol, Phenoxyethanol",4.6,"The Inkey List Hyaluronic Acid has boosted my dry skin's hydration, making it plump and smooth.",nodular
120,30,sensitive,Eucerin,Eucerin Original Healing Cream,"Water, Mineral Oil, Petrolatum, Ceresin, Lanolin Alcohol",4.5,"Eucerin's Original Healing Cream has been a savior for my sensitive skin, providing intense moisture.",cystic
121,32,combination,Murad,AHA/BHA Exfoliating Cleanser,"Water, Sodium Laureth Sulfate, Cocamidopropyl Betaine, Jojoba Esters",4.2,The Murad AHA/BHA Exfoliating Cleanser has improved my skin texture and reduced breakouts. Love it!,inflammatory
122,28,oily,Paula's Choice,Skin Perfecting 2% BHA Liquid,"Water, Methylpropanediol, Butylene Glycol, Salicylic Acid, Polysorbate 20",4.7,"Paula's Choice 2% BHA Liquid is an essential for my oily skin, keeping it clear and smooth. Love it!",comedonal
123,34,dry,Drunk Elephant,Virgin Marula Luxury Facial Oil,Sclerocarya Birrea Seed Oil,4.5,"The Drunk Elephant Virgin Marula Facial Oil is a luxurious treat for my dry skin, providing deep hydration.",nodular
124,26,sensitive,Vanicream,Gentle Facial Cleanser,"Water, Glycerin, Coco-Glucoside, Sodium Cocoyl Glycinate, Acrylates Copolymer",4.6,The Vanicream Gentle Facial Cleanser is effective yet gentle on my sensitive skin. Love it!,cystic
125,33,combination,EltaMD,UV Clear Broad-Spectrum SPF 46,"Zinc Oxide 9.0%, Octinoxate 7.5%, Purified Water, Niacinamide",4.4,The EltaMD UV Clear SPF 46 provides excellent sun protection without clogging my pores. Love it!,inflammatory
126,29,oily,Sunday Riley,Good Genes All-In-One Lactic Acid Treatment,"Opuntia Tuna Fruit Extract, Agave Tequilana Leaf Extract, Lactic Acid",4.7,"The Sunday Riley Good Genes Treatment has transformed my skin's texture, leaving it radiant. Love it!",comedonal
127,35,dry,Tatcha,The Water Cream,"Water, Saccharomyces/Camellia Sinensis Leaf/Cladosiphon Okamuranus/Rice Ferment Filtrate*",4.6,"The Tatcha Water Cream is lightweight and deeply hydrating, perfect for my dry skin. Love it!",nodular
128,27,sensitive,La Roche-Posay,Cicaplast Baume B5,"Aqua/Water, Hydrogenated Polyisobutene, Dimethicone, Glycerin",4.5,The La Roche-Posay Cicaplast Baume B5 has calmed and repaired my sensitive skin barrier. Love it!,cystic
129,33,combination,The Ordinary,Glycolic Acid 7% Toning Solution,"Glycolic Acid, Rosa Damascena Flower Water, Centaurea Cyanus Flower Water, Aloe Barbadensis Leaf Extract",4.4,The Glycolic Acid 7% Toning Solution has improved my combination skin's texture and radiance.,inflammatory
130,28,oily,Bioré,Deep Pore Charcoal Cleanser,"Water, Glycerin, Sodium Laureth Sulfate, Cocamidopropyl Betaine",4.3,The Bioré Deep Pore Charcoal Cleanser keeps my oily skin clear and fresh. Love it!,comedonal
131,26,dry,Caudalie,Vinosource SOS Intense Moisturizing Cream,"Water, Vitis Vinifera (Grape) Fruit Water, Dicaprylyl Ether, Glycerin",4.6,"The Caudalie Vinosource SOS Cream is intensely hydrating, making my dry skin plump and soft.",nodular
132,30,sensitive,Vanicream,Moisturizing Cream,"Water, Petrolatum, Cetearyl Alcohol, Sorbitol, Propylene Glycol",4.7,"The Vanicream Moisturizing Cream is gentle and effective, providing lasting moisture for my sensitive skin.",cystic
133,32,combination,Paula's Choice,Skin Perfecting 8% AHA Gel Exfoliant,"Water, Glycolic Acid, Sodium Hydroxide, Chamomilla Recutita (Matricaria) Flower Extract",4.3,The 8% AHA Gel Exfoliant has helped clear my combination skin and minimize breakouts. Love it!,inflammatory
134,28,oily,The Inkey List,Salicylic Acid,"Water, Propanediol, Salicylic Acid, Pentylene Glycol, Arginine",4.7,"The Inkey List Salicylic Acid is a must-have for my oily skin, keeping acne under control. Love it!",comedonal
135,34,dry,Dr. Jart+,Ceramidin Cream,"Water, Glycerin, Dipropylene Glycol, Caprylic/Capric Triglyceride, Hydrogenated Poly(C6-14 Olefin)",4.5,"The Dr. Jart+ Ceramidin Cream has restored my dry skin's moisture barrier, making it supple.",nodular
136,26,sensitive,Avene,XeraCalm A.D Lipid-Replenishing Cream,"Water, Mineral Oil, Glycerin, Oenothera Biennis (Evening Primrose) Oil, Niacinamide",4.4,The Avene XeraCalm A.D Cream has greatly reduced sensitivity and dryness on my skin. Love it!,cystic
137,33,combination,Neutrogena,Hydro Boost Water Gel,"Water, Dimethicone, Glycerin, Dimethicone/Vinyl Dimethicone Crosspolymer",4.6,"The Neutrogena Hydro Boost Water Gel is lightweight and hydrating, perfect for my combination skin.",inflammatory
138,29,oily,COSRX,Advanced Snail 96 Mucin Power Essence,"Snail Secretion Filtrate, Betaine, Butylene Glycol, Arginine",4.5,The COSRX Snail 96 Essence has improved my oily skin's texture and helped fade acne scars. Love it!,comedonal
139,27,dry,Fresh,Rose & Hyaluronic Acid Deep Hydration Toner,"Water, Glycerin, Rosa Damascena Flower Water, Sodium Hyaluronate",4.6,"The Fresh Rose & Hyaluronic Acid Toner has deeply hydrated my dry skin, leaving it radiant.",nodular
140,30,sensitive,Eucerin,Eucerin Advanced Repair Cream,"Water, Glycerin, Caprylic/Capric Triglyceride, Panthenol, Cetyl Alcohol",4.7,The Eucerin Advanced Repair Cream has been gentle and effective in healing my sensitive skin. Love it!,cystic
141,32,combination,The Body Shop,Tea Tree Oil,"Water, Alcohol Denat., PEG-40 Hydrogenated Castor Oil, Melaleuca Alternifolia (Tea Tree) Leaf Oil",4.3,"The Body Shop Tea Tree Oil has been a savior for my combination skin, keeping acne at bay. Love it!",inflammatory
142,28,oily,La Roche-Posay,Effaclar Duo Dual Action Acne Treatment,"Water, Isostearyl Alcohol, Glycerin, Glycolic Acid, Propylene Glycol",4.8,The La Roche-Posay Effaclar Duo has significantly cleared my acne and improved my skin texture. Love it!,comedonal
143,34,dry,Belif,The True Cream Aqua Bomb,"Water, Dipropylene Glycol, Glycerin, Methl Trimethicone",4.5,"The Belif Aqua Bomb is a burst of hydration for my dry skin, leaving it plump and smooth. Love it!",nodular
144,26,sensitive,Avène,Cicalfate Restorative Skin Cream,"Water, Cetyl Alcohol, Zinc Oxide, Caprylic/Capric Triglyceride",4.4,The Avène Cicalfate Restorative Skin Cream has helped soothe and repair my sensitive skin. Love it!,cystic
145,33,combination,Biore UV,Aqua Rich Watery Essence SPF 50+,"Water, Alcohol, Ethylhexyl Methoxycinnamate, Polysilicone-9",4.6,The Biore UV Aqua Rich Watery Essence is a perfect sunscreen for my combination skin. Love it!,inflammatory
146,29,oily,Kate Somerville,ExfoliKate Intensive Exfoliating Treatment,"Lactic Acid, Silica, Papaya Fruit Extract, Aloe Vera Leaf Juice",4.7,The Kate Somerville ExfoliKate Treatment leaves my oily skin feeling polished and refreshed. Love it!,comedonal
147,35,dry,Laneige,Water Sleeping Mask,"Water, Butylene Glycol, Cyclopentasiloxane, Glycerin",4.6,The Laneige Water Sleeping Mask is my go-to for waking up with plump and hydrated skin. Love it!,nodular
148,27,sensitive,Krave Beauty,Great Barrier Relief,"Water, Propanediol, Squalane, Niacinamide, Tocopherol",4.5,"The Krave Beauty Great Barrier Relief has been a savior for my sensitive skin, calming irritation. Love it!",cystic
149,33,combination,Acure,Brightening Cleansing Gel,"Water, Aloe Barbadensis Leaf Juice, Decyl Glucoside, Sorbitol, Cocos Nucifera (Coconut) Water",4.4,The Acure Brightening Cleansing Gel effectively cleanses my combination skin without stripping it.,inflammatory
150,28,oily,Murad,Oil Control Mattifier SPF 45,"Octinoxate 7.5%, Octisalate 4.0%, Oxybenzone 2.5%",4.3,The Murad Oil Control Mattifier keeps my oily skin shine-free and protected from the sun. Love it!,comedonal
151,26,dry,Kiehl's,Ultra Facial Cream,"Water, Glycerin, Squalane, Glacial Glycoprotein, Sodium Hyaluronate",4.6,"The Kiehl's Ultra Facial Cream is a staple in my dry skin routine, keeping it moisturized all day.",nodular
152,30,sensitive,First Aid Beauty,Ultra Repair Cream,"Colloidal Oatmeal, Shea Butter, Allantoin, Ceramide 3, FAB Antioxidant Booster",4.7,The First Aid Beauty Ultra Repair Cream has rescued my sensitive skin from dryness. Love it!,cystic
153,32,combination,Youth to the People,Superfood Antioxidant Cleanser,"Water, Sodium Cocoyl Glutamate, Brassica Oleracea, Spinach Leaf Extract, Vitamin E",4.3,The Youth to the People Superfood Antioxidant Cleanser leaves my combination skin clean and fresh.,inflammatory
154,28,oily,Drunk Elephant,T.L.C. Framboos Glycolic Night Serum,"Water, Glycolic Acid, Salicylic Acid, Raspberry Fruit Extract, Horse Chestnut Extract",4.7,The Drunk Elephant Glycolic Night Serum has transformed my oily skin's texture and clarity. Love it!,comedonal
155,34,dry,Glossier,Priming Moisturizer Rich,"Water, Tricaprylin, Biorigin Mushroom Extract, Murumuru Seed Butter",4.5,The Glossier Priming Moisturizer Rich is my go-to for a smooth base under makeup for my dry skin.,nodular
156,26,sensitive,Bioderma,Sensibio H2O Micellar Water,"Water, PEG-6 Caprylic/Capric Glycerides, Cucumis Sativus (Cucumber) Fruit Extract, Mannitol",4.4,The Bioderma Sensibio H2O Micellar Water gently cleanses and removes makeup without irritation. Love it!,cystic
157,33,combination,Olehenriksen,Truth Serum,"Water, Ascorbic Acid, Hyaluronic Acid, Collagen, Aloe Leaf Juice",4.6,The Olehenriksen Truth Serum has brightened and hydrated my combination skin. Love it!,inflammatory
158,29,oily,The Body Shop,Seaweed Oil-Balancing Clay Mask,"Water, Kaolin, Propanediol, Glycerin, Laminaria Saccharina Extract",4.5,The Body Shop Seaweed Clay Mask is a must-have for controlling excess oil on my skin. Love it!,comedonal
159,27,dry,Fresh,Black Tea Instant Perfecting Mask,"Water, Glycerin, Camellia Sinensis Leaf Extract, Squalane, Jojoba Leaf Extract",4.6,The Fresh Black Tea Instant Perfecting Mask leaves my dry skin feeling rejuvenated and plump. Love it!,nodular
160,30,sensitive,CeraVe,Hydrating Cleanser,"Water, Glycerin, Cetearyl Alcohol, Ceramide NP, Hyaluronic Acid",4.7,The CeraVe Hydrating Cleanser has been gentle yet effective for my sensitive skin. Love it!,cystic
161,32,combination,Paula's Choice,10% Niacinamide Booster,"Water, Niacinamide, Acetyl Glucosamine, Ascorbic Acid, Allantoin",4.3,The Paula's Choice 10% Niacinamide Booster has reduced my combination skin's redness and congestion. Love it!,inflammatory
162,28,oily,COSRX,AHA/BHA Clarifying Treatment Toner,"Water, Salix Alba (Willow) Bark Water, Pyrus Malus (Apple) Fruit Water, Butylene Glycol",4.8,The COSRX AHA/BHA Clarifying Treatment Toner has improved my oily skin's texture and minimized pores. Love it!,comedonal
163,34,dry,La Mer,Crème de la Mer,"Seaweed Extract, Mineral Oil, Glycerin, Lime Extract, Eucalyptus Leaf Oil",4.5,The La Mer Crème de la Mer is a luxurious moisturizer that keeps my dry skin nourished and glowing. Love it!,nodular
164,26,sensitive,Vanicream,Gentle Facial Cleanser,"Water, Glycerin, Cocamidopropyl Hydroxysultaine, Sodium Cocoyl Glycinate",4.4,The Vanicream Gentle Facial Cleanser effectively cleans my sensitive skin without irritation. Love it!,cystic
165,33,combination,Neutrogena,Hydro Boost Water Gel,"Water, Dimethicone, Glycerin, Sodium Hyaluronate, Butylene Glycol",4.6,The Neutrogena Hydro Boost Water Gel is a lightweight moisturizer that hydrates my combination skin perfectly.,inflammatory
166,28,oily,Tatcha,The Water Cream,"Water, Saccharomyces/Camellia Sinensis Leaf/Cladosiphon Okamuranus/Rice Ferment Filtrate*",4.7,The Tatcha Water Cream is a light and refreshing moisturizer that doesn't clog my pores. Love it!,comedonal
167,34,dry,Belif,The True Cream Moisturizing Bomb,"Water, Glycerin, Macadamia Ternifolia Seed Oil, Comfrey Leaf Extract",4.6,"The Belif Moisturizing Bomb is perfect for my dry skin, keeping it hydrated all day long. Love it!",nodular
168,26,sensitive,La Roche-Posay,Toleriane Double Repair Face Moisturizer,"Water, Glycerin, Squalane, Ceramide NP, Niacinamide",4.5,The La Roche-Posay Double Repair Moisturizer has been a savior for my sensitive skin. Love it!,cystic
169,33,combination,EltaMD,UV Clear Broad-Spectrum SPF 46,"Zinc Oxide 9.0%, Octinoxate 7.5%, Niacinamide, Hyaluronic Acid",4.4,The EltaMD UV Clear SPF 46 is my go-to sunscreen for my combination skin. Doesn't leave a white cast. Love it!,inflammatory
170,29,oily,The Ordinary,Niacinamide 10% + Zinc 1%,"Water, Niacinamide, Zinc PCA, Tamarindus Indica Seed Gum",4.6,The Ordinary Niacinamide 10% + Zinc 1% has helped control excess oil and reduce breakouts. Love it!,comedonal
171,35,dry,Dr. Jart+,Ceramidin Cream,"Water, Glycerin, Cetearyl Alcohol, Hydrogenated Poly(C6-14 Olefin), Dimethicone",4.7,"The Dr. Jart+ Ceramidin Cream is my holy grail for dry skin, providing deep hydration. Love it!",nodular
172,27,sensitive,Cetaphil,Daily Facial Cleanser,"Water, Cetyl Alcohol, Propylene Glycol, Sodium Lauryl Sulfate",4.5,The Cetaphil Daily Facial Cleanser is gentle and effective for my sensitive skin. Love it!,cystic
173,33,combination,Hada Labo,Gokujyun Hyaluronic Acid Lotion,"Water, Butylene Glycol, Sodium Hyaluronate, Hydrolyzed Hyaluronic Acid",4.6,The Hada Labo Gokujyun Hyaluronic Acid Lotion keeps my combination skin plump and hydrated. Love it!,inflammatory
174,28,oily,Biore,UV Aqua Rich Watery Essence SPF 50+,"Water, Alcohol, Ethylhexyl Methoxycinnamate, Dimethicone",4.4,The Biore UV Aqua Rich Watery Essence is a lightweight sunscreen that works well for oily skin. Love it!,comedonal
175,34,dry,Aveeno,Daily Moisturizing Lotion,"Water, Glycerin, Distearyldimonium Chloride, Petrolatum",4.5,The Aveeno Daily Moisturizing Lotion is a staple for keeping my dry skin moisturized. Love it!,nodular
176,26,sensitive,Vanicream,Moisturizing Cream,"Water, Petrolatum, Sorbitol, Cetearyl Alcohol, Propylene Glycol",4.6,The Vanicream Moisturizing Cream has been gentle yet effective for my sensitive skin. Love it!,cystic
177,33,combination,Neutrogena,Oil-Free Acne Wash,"Salicylic Acid 2%, Water, Sodium C14-16 Olefin Sulfonate, Cocamidopropyl Betaine",4.5,The Neutrogena Oil-Free Acne Wash is my go-to for keeping my combination skin clear. Love it!,inflammatory
178,29,oily,Paula's Choice,Skin Perfecting 2% BHA Liquid Exfoliant,"Water, Methylpropanediol, Salicylic Acid, Camellia Oleifera Leaf Extract",4.7,The Paula's Choice 2% BHA Liquid Exfoliant has improved my oily skin's texture and reduced breakouts. Love it!,comedonal
179,35,dry,Embryolisse,Lait-Crème Concentré,"Water, Mineral Oil, Beeswax, Sesamum Indicum (Sesame) Seed Oil",4.6,The Embryolisse Lait-Crème Concentré is a rich moisturizer that keeps my dry skin nourished. Love it!,nodular
180,27,sensitive,Avene,Thermal Spring Water Spray,Avene Thermal Spring Water,4.4,The Avene Thermal Spring Water Spray soothes and calms my sensitive skin. Love it!,cystic
181,33,combination,The Inkey List,Salicylic Acid Cleanser,"Water, Sodium Cocoyl Isethionate, Glycerin, Salicylic Acid",4.5,The Inkey List Salicylic Acid Cleanser is effective for my combination skin and helps prevent breakouts. Love it!,inflammatory
182,28,oily,La Roche-Posay,Effaclar Duo Acne Treatment,"Water, Isostearyl Alcohol, Glycerin, Niacinamide, Zinc PCA",4.6,The La Roche-Posay Effaclar Duo Acne Treatment has helped clear my oily skin. Love it!,comedonal
183,34,dry,Dermalogica,Intensive Moisture Balance,"Water, Ethylhexyl Ethylhexanoate, Butylene Glycol, Cetyl Alcohol",4.7,"The Dermalogica Intensive Moisture Balance is fantastic for my dry skin, keeping it supple. Love it!",nodular
184,26,sensitive,Bioderma,Sensibio H2O Micellar Water,"Water, PEG-6 Caprylic/Capric Glycerides, Cucumis Sativus (Cucumber) Fruit Extract",4.5,The Bioderma Sensibio H2O Micellar Water is gentle on my sensitive skin and removes makeup effectively. Love it!,cystic
185,33,combination,CeraVe,Foaming Facial Cleanser,"Water, Glycerin, Ceramide NP, Hyaluronic Acid",4.6,The CeraVe Foaming Facial Cleanser is a must-have for my combination skin. Love it!,inflammatory
186,29,oily,The Ordinary,AHA 30% + BHA 2% Peeling Solution,"Glycolic Acid, Salicylic Acid, Water, Sodium Hyaluronate",4.4,The Ordinary AHA 30% + BHA 2% Peeling Solution has improved my oily skin's texture and reduced breakouts. Love it!,comedonal
187,35,dry,Drunk Elephant,Lala Retro Whipped Cream,"Water, Glycerin, Sunflower Seed Oil, Coconut Oil, Citrus Extracts",4.5,The Drunk Elephant Lala Retro Whipped Cream is a luxurious moisturizer that keeps my dry skin nourished and glowing. Love it!,nodular
188,27,sensitive,Avene,Antirougeurs Fort Relief Concentrate,"Water, Ruscus Aculeatus Root Extract, Glycerin",4.6,The Avene Antirougeurs Fort Relief Concentrate has been helpful for my sensitive skin. Love it!,cystic
189,33,combination,Cetaphil,Oil Control Moisturizer SPF 30,"Water, Cyclopentasiloxane, Dimethicone, Diisopropyl Dimer Dilinoleate",4.5,The Cetaphil Oil Control Moisturizer with SPF 30 is perfect for my combination skin. Love it!,inflammatory
190,28,oily,Murad,AHA/BHA Exfoliating Cleanser,"Water, Sodium Laureth Sulfate, Acrylates Copolymer, Jojoba Esters",4.7,The Murad AHA/BHA Exfoliating Cleanser keeps my oily skin clear and smooth. Love it!,comedonal
191,34,dry,Kiehl's,Ultra Facial Cream,"Water, Glycerin, Squalane, Glacial Glycoprotein, Desert Plant Extracts",4.6,"The Kiehl's Ultra Facial Cream is a reliable moisturizer for my dry skin, especially in winter. Love it!",nodular
192,26,sensitive,Bioderma,Hydrabio H2O Micellar Water,"Water, PEG-6 Caprylic/Capric Glycerides, Cucumis Sativus (Cucumber) Fruit Extract",4.5,The Bioderma Hydrabio H2O Micellar Water is gentle on my sensitive skin and effectively removes makeup. Love it!,cystic
193,33,combination,La Roche-Posay,Effaclar Purifying Foaming Gel Cleanser,"Water, Sodium Laureth Sulfate, PEG-8, Coco-Betaine",4.6,The La Roche-Posay Effaclar Purifying Foaming Gel Cleanser is perfect for my combination skin. Love it!,inflammatory
194,29,oily,Paula's Choice,Skin Perfecting 8% AHA Gel Exfoliant,"Water, Glycolic Acid, Sodium Hydroxide, Camellia Oleifera Leaf Extract",4.4,The Paula's Choice 8% AHA Gel Exfoliant has improved my oily skin's texture and reduced breakouts. Love it!,comedonal
195,35,dry,Glossier,Priming Moisturizer Rich,"Water, Tricaprylin, Borage Seed Oil, Murumuru Seed Butter",4.5,"The Glossier Priming Moisturizer Rich is a luxurious treat for my dry skin, creating a smooth canvas for makeup. Love it!",nodular
196,27,sensitive,CeraVe,Hydrating Cleanser,"Water, Glycerin, Cetearyl Alcohol, Phenoxyethanol, Stearyl Alcohol",4.6,The CeraVe Hydrating Cleanser is gentle and effective for my sensitive skin. Love it!,cystic
197,33,combination,Neutrogena,Rapid Clear Stubborn Acne Cleanser,"Benzoyl Peroxide 10%, Water, Cetyl Alcohol, Petrolatum",4.5,The Neutrogena Rapid Clear Stubborn Acne Cleanser has been effective for my combination skin. Love it!,inflammatory
198,28,oily,The Body Shop,Tea Tree Oil,"Water, Alcohol Denat., PEG-40 Hydrogenated Castor Oil, Melaleuca Alternifolia (Tea Tree) Leaf Oil",4.7,The Body Shop Tea Tree Oil is a staple in my skincare routine. It helps keep my oily skin in check. Love it!,comedonal
199,34,dry,First Aid Beauty,Ultra Repair Cream,"Water, Glycerin, Colloidal Oatmeal, Butyrospermum Parkii (Shea) Butter, Squalane",4.6,The First Aid Beauty Ultra Repair Cream is incredibly rich and soothing for my dry skin. Love it!,nodular
200,26,sensitive,Avène,XeraCalm A.D Lipid-Replenishing Cream,"Water, Mineral Oil, Glycerin, Oenothera Biennis (Evening Primrose) Oil",4.5,The Avène XeraCalm A.D Lipid-Replenishing Cream has been fantastic for my sensitive skin. Love it!,cystic
